<?xml version="1.0" encoding="UTF-8" standalone="yes"?>
<manifest>
  <control namespace="PCFControls" constructor="PCFEmailValidatorControl" version="0.0.6" display-name-key="PCFEmailValidatorControl" description-key="Control to validate Email ID" control-type="standard" api-version="1.2.1">
    <property name="emailProperty" display-name-key="Email Property" description-key="Field Containing Email Id" of-type="SingleLine.Email" usage="bound" required="true"/>
    <property name="apiProperty" display-name-key="API Property" description-key="Field containing API Key" of-type="SingleLine.Text" usage="input" required="true"/>
    <resources>
      <code path="bundle.js" order="1"/>
      <css path="css/PCFEmailValidatorControl.css" order="1"/>
    </resources>
    <built-by name="pac" version="1.1.6"/>
  </control>
</manifest>